CALLNO,CALLNA
86-(653)734-1243,86-(538)811-2437
55-(759)403-9411,27-(481)740-1020
62-(492)756-6386,62-(881)551-3061
86-(538)811-2437,63-(902)128-5291
86-(528)328-9814,7-(560)154-8499
970-(609)783-1634,420-(719)613-5431
62-(881)551-3061,86-(708)132-4111
970-(609)783-1634,380-(783)261-0523
81-(467)317-9186,1-(316)548-0363
63-(882)238-0146,967-(185)103-3989
86-(312)453-9766,380-(783)261-0523
970-(609)783-1634,62-(881)551-3061
86-(312)453-9766,230-(266)713-4680
33-(179)353-9854,57-(773)432-9381
51-(242)102-7155,62-(881)551-3061
63-(684)914-2419,63-(902)128-5291
20-(748)196-0192,55-(759)403-9411
355-(677)204-0858,86-(274)383-1187
30-(128)960-9546,86-(325)865-1819
62-(215)967-8927,30-(128)960-9546
20-(748)196-0192,52-(424)879-3646
46-(540)136-1186,62-(937)783-3621
33-(661)609-2593,86-(576)706-1084
355-(677)204-0858,960-(403)633-2929
62-(215)967-8927,420-(719)613-5431
86-(325)865-1819,86-(179)590-3466
62-(141)538-0904,86-(576)706-1084
353-(854)538-8546,62-(881)551-3061
86-(758)361-4593,20-(748)196-0192
63-(902)128-5291,63-(882)238-0146
46-(540)136-1186,86-(758)361-4593
30-(128)960-9546,86-(758)361-4593
52-(424)879-3646,33-(661)609-2593
7-(584)705-9509,86-(529)550-3977
381-(942)278-5050,7-(584)705-9509
86-(538)811-2437,82-(737)676-2558
86-(125)197-9729,30-(128)960-9546
63-(888)410-2602,1-(316)548-0363
62-(506)406-2527,967-(185)103-3989
380-(783)261-0523,420-(719)613-5431
1-(916)790-7871,82-(737)676-2558
86-(312)453-9766,86-(265)673-6852
46-(540)136-1186,62-(492)756-6386
62-(141)538-0904,1-(316)548-0363
51-(242)102-7155,86-(708)132-4111
86-(529)550-3977,52-(424)879-3646
63-(888)410-2602,46-(540)136-1186
229-(345)782-6003,86-(538)811-2437
86-(528)328-9814,55-(175)605-7825
27-(481)740-1020,229-(345)782-6003
63-(888)410-2602,86-(325)865-1819
81-(467)317-9186,353-(854)538-8546
86-(736)974-7120,229-(345)782-6003
57-(773)432-9381,46-(540)136-1186
355-(677)204-0858,86-(529)550-3977
82-(737)676-2558,86-(125)197-9729
55-(759)403-9411,30-(128)960-9546
967-(185)103-3989,7-(247)790-5056
86-(576)706-1084,86-(179)590-3466
62-(506)406-2527,86-(576)706-1084
86-(125)197-9729,1-(916)790-7871
7-(584)705-9509,46-(540)136-1186
48-(469)240-7371,86-(538)811-2437
380-(783)261-0523,62-(506)406-2527
230-(266)713-4680,7-(584)705-9509
52-(424)879-3646,63-(888)410-2602
86-(576)706-1084,86-(179)590-3466
51-(242)102-7155,82-(737)676-2558
62-(937)783-3621,7-(247)790-5056
355-(677)204-0858,229-(345)782-6003
86-(179)590-3466,1-(916)790-7871
86-(312)453-9766,63-(902)128-5291
355-(677)204-0858,86-(274)383-1187
57-(773)432-9381,86-(325)865-1819
62-(881)551-3061,960-(403)633-2929
55-(175)605-7825,960-(403)633-2929
